{
    "DischargeSummary": {
        "PatientDetails": {
            "FinalDiagnosis": "Acute myocardial infarction, PCI to LAD done using 3 DES and PCI to RCA done using 1 DES (total of 4 DES were used)"
        },
        "HospitalCourse": "ECG WAS OBTAINED at ER REVEALED ANTERO-LATERAL STEMI.\nPATIENT STARTED TO OBEY COMMANDS.\nVITALS WERE STABLE APART FROM BRADYCARDIA (50 BPM).\nURGENT CT WAS DONE TO R/O ANY NEW INSULTS AND WAS CLEAR.\nECG: STEMI ANTEROLATERAL.\nVBG: NORMAL.\nPatient for life-saving CA and PPCI, then ICU admission.\nCATH LAB ACTIVATED.\nCA done showing totally occluded LAD at its para ostium and 80% distal RCA lesion.\nPCI to LAD done using 3 DES and PCI to RCA done using 1 DES (total of 4 DES were used).\nLab follow-up: elevated cardiac enzymes, improving.\nStarting LDL: 180.\nPlatelets decreasing from 143 on admission to 105 (HIT is suggested for PCI heparin) for follow-up.\nHe had an attack of SOB at 1 pm today with headache and drowsiness.\nCT brain, chest x-ray, and carotid ultrasound requested and done (all reports attached).\nNeuro consultation requested.\nECHO done showing EF 46%, RWMA.\nAldactone and Forxiga started.\nCT brain and MRI brain done. Neuro consultation done by Dr. Aya, GCS = 15/15.\nPatient had frontal headache after chest pain.\nThe CT brain showed leukoaraiosis.\nMotor examination: normal.\nBabinski: normal.\nSensory examination: normal.\nCerebellum examination: normal.\nThe patient needed MRI brain and MRA, which were done and showed small vessel disease.\nDoppler carotid within normal study.\nThe patient takes analgesia on demand only.\nThe same cardiac management.\nON 22/5, patient shifted to ward to continue treatment and for observation. Patient was vitally stable, no chest pain, no dyspnea, and was discharged on home medications with follow-up in OPD.",
        "Medications": [
            {
                "ServiceCategoryName": "IP Medication",
                "ServiceCode": "3-328-18",
                "ServiceName": "TRAMAL 50 MG-1 ML AMP",
                "OrderQuantity": 1,
                "OrderScheduledDateTime": "2024-05-19T10:09:34.707",
                "LabStatusDescription": "n/a"
            },
            {
                "ServiceCategoryName": "IP Medication",
                "ServiceCode": "HIS04/6F",
                "ServiceName": "Femoral Sheath 6FR",
                "OrderQuantity": 1,
                "OrderScheduledDateTime": "2024-05-19T10:42:18.157",
                "LabStatusDescription": "n/a"
            },
            {
                "ServiceCategoryName": "IP Medication",
                "ServiceCode": "5018921",
                "ServiceName": "Cardiac Pack",
                "OrderQuantity": 1,
                "OrderScheduledDateTime": "2024-05-19T10:42:18.157",
                "LabStatusDescription": "n/a"
            },
            {
                "ServiceCategoryName": "IP Medication",
                "ServiceCode": "GW352JF",
                "ServiceName": "Tefflon Coated Guide wire 0.035 * 180 cm. J tip",
                "OrderQuantity": 1,
                "OrderScheduledDateTime": "2024-05-19T10:42:18.157",
                "LabStatusDescription": "n/a"
            },
            {
                "ServiceCategoryName": "IP Medication",
                "ServiceCode": "ACJL356F1100",
                "ServiceName": "Diagnostic catheter JL3.5- 6F",
                "OrderQuantity": 1,
                "OrderScheduledDateTime": "2024-05-19T10:42:18.157",
                "LabStatusDescription": "n/a"
            },
            {
                "ServiceCategoryName": "IP Medication",
                "ServiceCode": "ACJR356F1100",
                "ServiceName": "Diagnostic catheter JR3.5- 6F",
                "OrderQuantity": 1,
                "OrderScheduledDateTime": "2024-05-19T10:42:18.157",
                "LabStatusDescription": "n/a"
            },
            {
                "ServiceCategoryName": "IP Medication",
                "ServiceCode": "GCXB356F",
                "ServiceName": "Guiding Catheter XB 3.5- 6Fr",
                "OrderQuantity": 1,
                "OrderScheduledDateTime": "2024-05-19T10:42:18.157",
                "LabStatusDescription": "n/a"
            },
            {
                "ServiceCategoryName": "IP Medication",
                "ServiceCode": "009660",
                "ServiceName": "Hi Torque BMW wire U.014 Straight 3x190cm",
                "OrderQuantity": 1,
                "OrderScheduledDateTime": "2024-05-19T10:42:18.157",
                "LabStatusDescription": "n/a"
            },
            {
                "ServiceCategoryName": "IP Medication",
                "ServiceCode": "4001369",
                "ServiceName": "Inflation Device",
                "OrderQuantity": 1,
                "OrderScheduledDateTime": "2024-05-19T10:42:18.157",
                "LabStatusDescription": "n/a"
            }
        ]
    }
}